<?xml version="1.0"?>
<ruleset name="Themeisle">
    <description>Themeisle rules for PHP_CodeSnifferr</description>

    <file>.</file>

    <exclude-pattern>node_modules/*</exclude-pattern>
    <exclude-pattern>vendor/*</exclude-pattern>
    <exclude-pattern>lib/*</exclude-pattern>
    <exclude-pattern>tests/*</exclude-pattern>

    <rule ref="WordPress-Core">
        <exclude name="Squiz.Commenting.FileComment.SpacingAfterComment" />
        <exclude name="WordPress.WhiteSpace.PrecisionAlignment.Found" />
        <exclude name="Generic.Files.LowercasedFilename" />
        <exclude name="Generic.NamingConventions.UpperCaseConstantName" />
        <exclude name="Squiz.Commenting.FunctionComment.MissingParamTag" />
        <exclude name="Squiz.Commenting.InlineComment.InvalidEndChar" />
        <exclude name="Squiz.Commenting.InlineComment.NotCapital" />
        <exclude name="Squiz.Commenting.FileComment" />
        <exclude name="WordPress.PHP.YodaConditions.NotYoda" />
        <exclude name="Squiz.PHP.DisallowMultipleAssignments" />
        <exclude name="WordPress.NamingConvention.ValidVariableName.StringNotSnakeCase" />
        <exclude name="WordPress.NamingConventions.ValidVariableName.NotSnakeCase" />
        <exclude name="WordPress.NamingConventions.ValidFunctionName.MethodNameInvalid" />
        <exclude name="WordPress.NamingConventions.ValidVariableName.MemberNotSnakeCase" />
        <exclude name="WordPress.NamingConventions.ValidVariableName.NotSnakeCaseMemberVar" />
        <exclude name="WordPress.Files.FileName.InvalidClassFileName" />
        <exclude name="WordPress.Files.FileName.NotHyphenatedLowercase" />
        <exclude name="WordPress.Arrays.ArrayDeclarationSpacing" />
        <exclude name="Squiz.PHP.CommentedOutCode" />
        <exclude name="WordPress.WP.I18n.MissingTranslatorsComment" />
        <exclude name="WordPress.Arrays.MultipleStatementAlignment.DoubleArrowNotAligned" />
        <exclude name="Generic.Formatting.MultipleStatementAlignment.IncorrectWarning" />
        <exclude name="Generic.Formatting.MultipleStatementAlignment.NotSameWarning" />
        <exclude name="PEAR.Functions.FunctionCallSignature.MultipleArguments" />
        <exclude name="Generic.Files.LineEndings.InvalidEOLChar" />
        <exclude name="WordPress.NamingConventions.ValidVariableName.VariableNotSnakeCase" />
        <exclude name="WordPress.NamingConventions.ValidVariableName.PropertyNotSnakeCase" />
        <exclude name="WordPress.NamingConventions.ValidVariableName.UsedPropertyNotSnakeCase" />
        <exclude name="WordPress.CodeAnalysis.AssignmentInCondition.FoundInWhileCondition" />
        <exclude name="WordPress.CodeAnalysis.AssignmentInCondition.Found" />
    </rule>
    <rule ref="WordPress-Docs">

    </rule>
    <rule ref="WordPress">
        <exclude name="Generic.Strings.UnnecessaryStringConcat.Found"/>
        <exclude name="WordPress.PHP.DevelopmentFunctions.error_log_print_r"/>
        <exclude name="WordPress.PHP.DiscouragedPHPFunctions.runtime_configuration_ini_set"/>
        <exclude name="WordPress.PHP.DiscouragedPHPFunctions.runtime_configuration_error_reporting"/>
        <exclude name="WordPress.PHP.DevelopmentFunctions.prevent_path_disclosure_error_reporting"/>
        <exclude name="WordPress.PHP.DevelopmentFunctions.error_log_error_log"/>
    </rule>
    <config name="testVersion" value="5.6-"/>
    <rule ref="PHPCompatibilityWP">
    </rule>
    <rule ref="Squiz.Commenting.FunctionComment.ScalarTypeHintMissing">
        <severity>0</severity>
    </rule>

    <arg name="extensions" value="php"/>
    <arg value="sp"/>
    <arg name="basepath" value="./" />
    <arg name="parallel" value="20"/>
</ruleset>